report_date,operation_day,total_day,region,market,market_type,team,sales_rep,total_inflow,retained_users,read_users_today,conversation_users_today,reply_users_today,deep_reply_users_today,follow_up_actions_today,new_accounts_today,total_accounts,paying_users_today,total_paying_users,revenue_today,total_revenue,refund_today,total_refund,net_revenue,region_marketing_cost
2026-01-01,1,60,north,Spain,developed,Team A,Mia,610,609,404,327,236,135,107,18,18,11,11,6172.05,6172.05,273.48,273.48,5898.57,75000
2026-01-01,1,60,north,Spain,developed,Team A,Noah,453,452,330,273,198,112,91,8,8,6,6,5395.63,5395.63,381.39,381.39,5014.24,75000
2026-01-01,1,60,north,Spain,developed,Team B,Olivia,506,506,353,262,205,153,100,15,15,7,7,2999.45,2999.45,99.23,99.23,2900.22,75000
2026-01-01,1,60,north,Spain,developed,Team B,Paul,600,598,417,365,261,188,113,14,14,10,10,4354.77,4354.77,199.72,199.72,4155.05,75000
2026-01-01,1,60,north,Spain,developed,Team C,Queen,469,467,336,239,208,125,101,11,11,5,5,2344.19,2344.19,212.39,212.39,2131.8,75000
2026-01-01,1,60,north,Spain,developed,Team C,Ryan,597,596,423,364,265,196,136,19,19,12,12,4543.2,4543.2,94.12,94.12,4449.08,75000
2026-01-01,1,60,north,Spain,developed,Team D,Sarah,618,617,416,343,302,161,119,17,17,9,9,7964.97,7964.97,285.55,285.55,7679.42,75000
2026-01-01,1,60,north,Spain,developed,Team D,Tony,463,463,293,223,169,93,76,13,13,8,8,6523.58,6523.58,747.98,747.98,5775.6,75000
2026-01-01,1,60,north,Spain,developed,Team E,Uma,599,599,415,301,245,124,75,18,18,10,10,7781.06,7781.06,621.2,621.2,7159.86,75000
2026-01-01,1,60,north,Spain,developed,Team E,Victor,483,483,309,237,172,105,64,15,15,8,8,5548.9,5548.9,512.34,512.34,5036.56,75000
2026-01-02,2,61,north,Spain,developed,Team A,Mia,610,609,422,317,265,152,94,12,30,8,19,3039.87,9211.92,332.71,606.19,8605.73,75000
2026-01-02,2,61,north,Spain,developed,Team A,Noah,453,452,326,260,196,127,79,9,17,4,10,3399.04,8794.67,201.45,582.84,8211.83,75000
2026-01-02,2,61,north,Spain,developed,Team B,Olivia,506,506,345,288,238,129,98,15,30,11,18,5151.2,8150.65,152.47,251.7,7898.95,75000
2026-01-02,2,61,north,Spain,developed,Team B,Paul,600,596,375,310,238,150,104,18,32,12,22,7472.19,11826.96,622.84,822.56,11004.4,75000
2026-01-02,2,61,north,Spain,developed,Team C,Queen,469,466,301,270,215,149,122,10,21,5,10,2196.21,4540.4,136.87,349.26,4191.14,75000
2026-01-02,2,61,north,Spain,developed,Team C,Ryan,597,595,376,267,186,121,73,12,31,7,19,3080.87,7624.07,296.36,390.48,7233.59,75000
2026-01-02,2,61,north,Spain,developed,Team D,Sarah,618,616,439,377,270,198,151,16,33,12,21,6325.8,14290.77,459.23,744.78,13545.99,75000
2026-01-02,2,61,north,Spain,developed,Team D,Tony,463,462,343,303,226,123,83,9,22,5,13,2682.1,9205.68,202.87,950.85,8254.83,75000
2026-01-02,2,61,north,Spain,developed,Team E,Uma,599,599,398,302,230,121,99,20,38,10,20,6296.42,14077.48,339.12,960.32,13117.16,75000
2026-01-02,2,61,north,Spain,developed,Team E,Victor,483,483,337,278,199,110,71,15,30,7,15,2522.81,8071.71,204.6,716.94,7354.77,75000
2026-01-03,3,62,north,Spain,developed,Team A,Mia,610,608,396,283,233,171,151,18,48,11,30,8989.03,18200.95,335.58,941.77,17259.18,75000
2026-01-03,3,62,north,Spain,developed,Team A,Noah,453,450,300,267,223,162,105,13,30,10,20,6376.72,15171.39,451.37,1034.21,14137.18,75000
2026-01-03,3,62,north,Spain,developed,Team B,Olivia,506,504,329,259,226,113,77,13,43,10,28,8198.45,16349.1,650.65,902.35,15446.75,75000
2026-01-03,3,62,north,Spain,developed,Team B,Paul,600,595,377,271,206,147,119,17,49,10,32,8534.98,20361.94,846.26,1668.82,18693.12,75000
2026-01-03,3,62,north,Spain,developed,Team C,Queen,469,465,323,281,223,143,98,7,28,3,13,1986.43,6526.83,228.4,577.66,5949.17,75000
2026-01-03,3,62,north,Spain,developed,Team C,Ryan,597,595,362,283,212,153,92,15,46,10,29,4945.08,12569.15,156.86,547.34,12021.81,75000
2026-01-03,3,62,north,Spain,developed,Team D,Sarah,618,616,424,335,263,188,112,12,45,7,28,4830.34,19121.11,354.43,1099.21,18021.9,75000
2026-01-03,3,62,north,Spain,developed,Team D,Tony,463,461,291,247,222,124,87,13,35,8,21,6156.53,15362.21,222.74,1173.59,14188.62,75000
2026-01-03,3,62,north,Spain,developed,Team E,Uma,599,599,367,284,233,141,116,12,50,8,28,4985.76,19063.24,536.8,1497.12,17566.12,75000
2026-01-03,3,62,north,Spain,developed,Team E,Victor,483,483,345,256,192,112,83,13,43,10,25,6635.71,14707.42,646.77,1363.71,13343.71,75000
2026-01-04,4,63,north,Spain,developed,Team A,Mia,610,606,412,317,228,123,89,22,70,14,44,6302.54,24503.49,244.63,1186.4,23317.09,75000
2026-01-04,4,63,north,Spain,developed,Team A,Noah,453,450,292,213,190,116,77,7,37,4,24,2779.2,17950.59,291.56,1325.77,16624.82,75000
2026-01-04,4,63,north,Spain,developed,Team B,Olivia,506,504,319,267,199,122,79,20,63,10,38,7773.35,24122.45,354.65,1257.0,22865.45,75000
2026-01-04,4,63,north,Spain,developed,Team B,Paul,600,595,440,329,292,161,130,14,63,7,39,3721.71,24083.65,159.11,1827.93,22255.72,75000
2026-01-04,4,63,north,Spain,developed,Team C,Queen,469,465,319,251,217,121,79,13,41,9,22,4973.85,11500.68,589.86,1167.52,10333.16,75000
2026-01-04,4,63,north,Spain,developed,Team C,Ryan,597,594,382,317,277,202,148,10,56,6,35,2424.18,14993.33,245.53,792.87,14200.46,75000
2026-01-04,4,63,north,Spain,developed,Team D,Sarah,618,615,418,347,288,215,138,19,64,14,42,8005.55,27126.66,205.86,1305.07,25821.59,75000
2026-01-04,4,63,north,Spain,developed,Team D,Tony,463,460,313,237,203,117,86,7,42,4,25,2381.76,17743.97,162.66,1336.25,16407.72,75000
2026-01-04,4,63,north,Spain,developed,Team E,Uma,599,597,367,283,231,137,118,13,63,8,36,3167.58,22230.82,172.05,1669.17,20561.65,75000
2026-01-04,4,63,north,Spain,developed,Team E,Victor,483,482,330,235,164,91,60,14,57,8,33,6168.73,20876.15,473.17,1836.88,19039.27,75000
2026-01-05,5,64,north,Spain,developed,Team A,Mia,610,606,399,346,243,180,110,21,91,11,55,8312.89,32816.38,170.08,1356.48,31459.9,75000
2026-01-05,5,64,north,Spain,developed,Team A,Noah,453,450,328,278,246,160,141,7,44,4,28,2499.9,20450.49,293.98,1619.75,18830.74,75000
2026-01-05,5,64,north,Spain,developed,Team B,Olivia,506,504,354,268,203,122,76,20,83,13,51,11249.41,35371.86,1257.81,2514.81,32857.05,75000
2026-01-05,5,64,north,Spain,developed,Team B,Paul,600,593,392,308,219,110,88,13,76,7,46,4925.85,29009.5,461.49,2289.42,26720.08,75000
2026-01-05,5,64,north,Spain,developed,Team C,Queen,469,464,286,256,218,158,133,8,49,4,26,3547.17,15047.85,198.21,1365.73,13682.12,75000
2026-01-05,5,64,north,Spain,developed,Team C,Ryan,597,593,373,308,265,164,105,15,71,8,43,6819.26,21812.59,177.6,970.47,20842.12,75000
2026-01-05,5,64,north,Spain,developed,Team D,Sarah,618,613,432,357,256,168,127,21,85,12,54,9135.86,36262.52,343.19,1648.26,34614.26,75000
2026-01-05,5,64,north,Spain,developed,Team D,Tony,463,460,286,225,168,122,97,14,56,8,33,4819.06,22563.03,158.47,1494.72,21068.31,75000
2026-01-05,5,64,north,Spain,developed,Team E,Uma,599,595,376,290,208,142,109,16,79,8,44,3284.63,25515.45,225.02,1894.19,23621.26,75000
2026-01-05,5,64,north,Spain,developed,Team E,Victor,483,482,343,261,193,112,84,12,69,6,39,2495.65,23371.8,130.6,1967.48,21404.32,75000
2026-01-06,6,65,north,Spain,developed,Team A,Mia,610,604,445,363,297,208,157,18,109,11,66,4388.86,37205.24,404.58,1761.06,35444.18,75000
2026-01-06,6,65,north,Spain,developed,Team A,Noah,453,449,276,200,169,115,100,8,52,4,32,1852.25,22302.74,49.23,1668.98,20633.76,75000
2026-01-06,6,65,north,Spain,developed,Team B,Olivia,506,503,367,330,273,144,118,14,97,7,58,5635.88,41007.74,222.91,2737.72,38270.02,75000
2026-01-06,6,65,north,Spain,developed,Team B,Paul,600,592,436,368,262,157,127,19,95,10,56,8205.67,37215.17,931.12,3220.54,33994.63,75000
2026-01-06,6,65,north,Spain,developed,Team C,Queen,469,464,332,284,228,124,82,9,58,4,30,3118.65,18166.5,94.74,1460.47,16706.03,75000
2026-01-06,6,65,north,Spain,developed,Team C,Ryan,597,591,428,351,268,138,118,19,90,15,58,8886.71,30699.3,590.32,1560.79,29138.51,75000
2026-01-06,6,65,north,Spain,developed,Team D,Sarah,618,612,411,329,289,187,123,17,102,13,67,5919.43,42181.95,546.24,2194.5,39987.45,75000
2026-01-06,6,65,north,Spain,developed,Team D,Tony,463,459,344,242,205,117,89,7,63,5,38,2858.96,25421.99,332.54,1827.26,23594.73,75000
2026-01-06,6,65,north,Spain,developed,Team E,Uma,599,594,436,309,250,165,101,16,95,11,55,6713.32,32228.77,561.43,2455.62,29773.15,75000
2026-01-06,6,65,north,Spain,developed,Team E,Victor,483,482,341,257,197,106,78,11,80,8,47,5913.32,29285.12,588.57,2556.05,26729.07,75000
2026-01-07,7,66,north,Spain,developed,Team A,Mia,610,604,372,319,273,143,86,15,124,9,75,5045.94,42251.18,185.68,1946.74,40304.44,75000
2026-01-07,7,66,north,Spain,developed,Team A,Noah,453,448,300,258,223,117,82,11,63,8,40,6858.83,29161.57,815.44,2484.42,26677.15,75000
2026-01-07,7,66,north,Spain,developed,Team B,Olivia,506,502,307,222,189,128,82,11,108,6,64,4552.25,45559.99,196.2,2933.92,42626.07,75000
2026-01-07,7,66,north,Spain,developed,Team B,Paul,600,590,429,328,250,162,122,13,108,10,66,6667.67,43882.84,532.62,3753.16,40129.68,75000
2026-01-07,7,66,north,Spain,developed,Team C,Queen,469,463,338,248,177,96,73,12,70,8,38,5774.54,23941.04,377.9,1838.37,22102.67,75000
2026-01-07,7,66,north,Spain,developed,Team C,Ryan,597,591,354,307,224,155,124,14,104,7,65,4451.72,35151.02,452.76,2013.55,33137.47,75000
2026-01-07,7,66,north,Spain,developed,Team D,Sarah,618,611,441,353,274,184,162,13,115,10,77,7844.16,50026.11,188.22,2382.72,47643.39,75000
2026-01-07,7,66,north,Spain,developed,Team D,Tony,463,457,340,245,205,140,114,9,72,5,43,3829.84,29251.83,157.44,1984.7,27267.13,75000
2026-01-07,7,66,north,Spain,developed,Team E,Uma,599,594,389,290,259,176,123,17,112,11,66,6051.86,38280.63,550.81,3006.43,35274.2,75000
2026-01-07,7,66,north,Spain,developed,Team E,Victor,483,482,334,276,219,113,67,12,92,6,53,4516.95,33802.07,179.56,2735.61,31066.46,75000
2026-01-08,8,67,north,Spain,developed,Team A,Mia,610,604,402,356,310,168,100,18,142,10,85,7540.85,49792.03,665.88,2612.62,47179.41,75000
2026-01-08,8,67,north,Spain,developed,Team A,Noah,453,447,274,191,164,114,75,12,75,7,47,2782.31,31943.88,150.72,2635.14,29308.74,75000
2026-01-08,8,67,north,Spain,developed,Team B,Olivia,506,502,342,295,258,187,138,18,126,14,78,8099.76,53659.75,407.77,3341.69,50318.06,75000
2026-01-08,8,67,north,Spain,developed,Team B,Paul,600,590,382,271,189,103,62,20,128,16,82,5923.7,49806.54,172.8,3925.96,45880.58,75000
2026-01-08,8,67,north,Spain,developed,Team C,Queen,469,462,281,242,217,161,139,9,79,7,45,3013.88,26954.92,163.36,2001.73,24953.19,75000
2026-01-08,8,67,north,Spain,developed,Team C,Ryan,597,589,395,284,252,160,121,13,117,8,73,3171.66,38322.68,210.38,2223.93,36098.75,75000
2026-01-08,8,67,north,Spain,developed,Team D,Sarah,618,609,439,311,274,156,112,20,135,15,92,8255.71,58281.82,759.67,3142.39,55139.43,75000
2026-01-08,8,67,north,Spain,developed,Team D,Tony,463,456,318,250,195,98,70,14,86,8,51,6810.51,36062.34,647.46,2632.16,33430.18,75000
2026-01-08,8,67,north,Spain,developed,Team E,Uma,599,592,412,340,265,133,98,14,126,10,76,5962.98,44243.61,466.72,3473.15,40770.46,75000
2026-01-08,8,67,north,Spain,developed,Team E,Victor,483,482,345,275,213,138,120,12,104,8,61,6000.88,39802.95,679.91,3415.52,36387.43,75000
2026-01-09,9,68,north,Spain,developed,Team A,Mia,610,602,444,380,299,163,132,17,159,10,95,8408.15,58200.18,300.35,2912.97,55287.21,75000
2026-01-09,9,68,north,Spain,developed,Team A,Noah,453,447,269,221,167,120,97,7,82,4,51,3007.45,34951.33,231.25,2866.39,32084.94,75000
2026-01-09,9,68,north,Spain,developed,Team B,Olivia,506,501,372,330,261,149,108,20,146,10,88,6662.53,60322.28,248.47,3590.16,56732.12,75000
2026-01-09,9,68,north,Spain,developed,Team B,Paul,600,588,375,326,271,188,116,12,140,6,88,4662.66,54469.2,383.47,4309.43,50159.77,75000
2026-01-09,9,68,north,Spain,developed,Team C,Queen,469,460,279,196,164,104,88,10,89,8,53,4761.76,31716.68,349.74,2351.47,29365.21,75000
2026-01-09,9,68,north,Spain,developed,Team C,Ryan,597,587,412,304,239,157,119,19,136,11,84,8884.01,47206.69,191.31,2415.24,44791.45,75000
2026-01-09,9,68,north,Spain,developed,Team D,Sarah,618,609,407,301,264,183,138,19,154,12,104,4881.2,63163.02,429.59,3571.98,59591.04,75000
2026-01-09,9,68,north,Spain,developed,Team D,Tony,463,454,275,195,166,92,56,9,95,5,56,4011.06,40073.4,238.93,2871.09,37202.31,75000
2026-01-09,9,68,north,Spain,developed,Team E,Uma,599,592,377,304,234,170,122,10,136,5,81,2769.29,47012.9,98.91,3572.06,43440.84,75000
2026-01-09,9,68,north,Spain,developed,Team E,Victor,483,481,303,258,191,99,79,11,115,7,68,2639.08,42442.03,165.01,3580.53,38861.5,75000
2026-01-10,10,69,north,Spain,developed,Team A,Mia,610,601,407,309,245,147,113,22,181,16,111,14265.19,72465.37,1375.78,4288.75,68176.62,75000
2026-01-10,10,69,north,Spain,developed,Team A,Noah,453,446,294,224,179,98,63,14,96,8,59,5760.09,40711.42,134.49,3000.88,37710.54,75000
2026-01-10,10,69,north,Spain,developed,Team B,Olivia,506,501,318,239,197,136,108,17,163,9,97,7777.94,68100.22,194.05,3784.21,64316.01,75000
2026-01-10,10,69,north,Spain,developed,Team B,Paul,600,588,380,305,245,148,128,16,156,12,100,5084.06,59553.26,257.58,4567.01,54986.25,75000
2026-01-10,10,69,north,Spain,developed,Team C,Queen,469,458,327,293,210,131,112,11,100,5,58,1985.52,33702.2,101.74,2453.21,31248.99,75000
2026-01-10,10,69,north,Spain,developed,Team C,Ryan,597,586,391,346,302,161,116,17,153,11,95,7788.08,54994.77,351.7,2766.94,52227.83,75000
2026-01-10,10,69,north,Spain,developed,Team D,Sarah,618,608,392,312,235,155,123,19,173,11,115,6080.35,69243.37,206.4,3778.38,65464.99,75000
2026-01-10,10,69,north,Spain,developed,Team D,Tony,463,453,285,225,199,112,100,14,109,8,64,6408.27,46481.67,560.54,3431.63,43050.04,75000
2026-01-10,10,69,north,Spain,developed,Team E,Uma,599,591,355,300,246,162,103,18,154,12,93,8462.01,55474.91,806.4,4378.46,51096.45,75000
2026-01-10,10,69,north,Spain,developed,Team E,Victor,483,480,309,239,186,107,88,9,124,5,73,2077.06,44519.09,157.53,3738.06,40781.03,75000
2026-01-11,11,70,north,Spain,developed,Team A,Mia,610,600,377,328,278,186,116,18,199,11,122,5525.83,77991.2,378.2,4666.95,73324.25,75000
2026-01-11,11,70,north,Spain,developed,Team A,Noah,453,446,332,250,221,112,98,11,107,7,66,3259.17,43970.59,303.33,3304.21,40666.38,75000
2026-01-11,11,70,north,Spain,developed,Team B,Olivia,506,501,330,269,196,144,98,18,181,14,111,5439.26,73539.48,163.6,3947.81,69591.67,75000
2026-01-11,11,70,north,Spain,developed,Team B,Paul,600,588,434,363,311,193,132,15,171,9,109,5022.74,64576.0,123.08,4690.09,59885.91,75000
2026-01-11,11,70,north,Spain,developed,Team C,Queen,469,456,315,225,199,104,90,8,108,5,63,3656.15,37358.35,125.95,2579.16,34779.19,75000
2026-01-11,11,70,north,Spain,developed,Team C,Ryan,597,586,360,293,263,161,118,13,166,9,104,7260.74,62255.51,182.15,2949.09,59306.42,75000
2026-01-11,11,70,north,Spain,developed,Team D,Sarah,618,607,439,360,319,235,144,22,195,13,128,7749.71,76993.08,736.33,4514.71,72478.37,75000
2026-01-11,11,70,north,Spain,developed,Team D,Tony,463,452,281,218,152,107,83,9,118,6,70,2844.73,49326.4,166.57,3598.2,45728.2,75000
2026-01-11,11,70,north,Spain,developed,Team E,Uma,599,590,382,333,281,150,117,14,168,9,102,4138.27,59613.18,423.57,4802.03,54811.15,75000
2026-01-11,11,70,north,Spain,developed,Team E,Victor,483,478,293,248,222,151,101,14,138,11,84,5216.19,49735.28,559.46,4297.52,45437.76,75000
2026-01-12,12,71,north,Spain,developed,Team A,Mia,610,599,404,303,212,108,84,16,215,9,131,5049.46,83040.66,363.32,5030.27,78010.39,75000
2026-01-12,12,71,north,Spain,developed,Team A,Noah,453,446,314,243,209,139,102,11,118,6,72,3858.49,47829.08,324.15,3628.36,44200.72,75000
2026-01-12,12,71,north,Spain,developed,Team B,Olivia,506,501,350,315,264,178,145,14,195,8,119,3233.67,76773.15,152.73,4100.54,72672.61,75000
2026-01-12,12,71,north,Spain,developed,Team B,Paul,600,588,393,277,210,133,82,14,185,10,119,6525.64,71101.64,587.34,5277.43,65824.21,75000
2026-01-12,12,71,north,Spain,developed,Team C,Queen,469,455,282,198,153,89,62,12,120,6,69,3889.55,41247.9,209.84,2789.0,38458.9,75000
2026-01-12,12,71,north,Spain,developed,Team C,Ryan,597,584,419,308,270,172,114,17,183,11,115,4373.74,66629.25,522.73,3471.82,63157.43,75000
2026-01-12,12,71,north,Spain,developed,Team D,Sarah,618,606,366,278,247,144,112,14,209,11,139,9604.37,86597.45,395.22,4909.93,81687.52,75000
2026-01-12,12,71,north,Spain,developed,Team D,Tony,463,450,336,290,212,159,124,13,131,8,78,4799.04,54125.44,287.07,3885.27,50240.17,75000
2026-01-12,12,71,north,Spain,developed,Team E,Uma,599,589,399,329,254,136,111,20,188,10,112,4023.18,63636.36,388.1,5190.13,58446.23,75000
2026-01-12,12,71,north,Spain,developed,Team E,Victor,483,477,344,282,218,163,125,9,147,4,88,3089.46,52824.74,256.32,4553.84,48270.9,75000
2026-01-13,13,72,north,Spain,developed,Team A,Mia,610,598,435,344,243,145,109,20,235,13,144,6931.96,89972.62,322.61,5352.88,84619.74,75000
2026-01-13,13,72,north,Spain,developed,Team A,Noah,453,445,293,205,155,112,78,8,126,5,77,2353.19,50182.27,277.23,3905.59,46276.68,75000
2026-01-13,13,72,north,Spain,developed,Team B,Olivia,506,499,304,245,172,105,86,10,205,8,127,3340.55,80113.7,157.02,4257.56,75856.14,75000
2026-01-13,13,72,north,Spain,developed,Team B,Paul,600,587,368,287,245,135,94,15,200,10,129,3684.41,74786.05,314.52,5591.95,69194.1,75000
2026-01-13,13,72,north,Spain,developed,Team C,Queen,469,453,288,228,193,121,106,11,131,5,74,2605.13,43853.03,239.97,3028.97,40824.06,75000
2026-01-13,13,72,north,Spain,developed,Team C,Ryan,597,584,434,372,292,164,98,16,199,8,123,5775.25,72404.5,150.2,3622.02,68782.48,75000
2026-01-13,13,72,north,Spain,developed,Team D,Sarah,618,606,412,320,273,166,131,21,230,13,152,11457.78,98055.23,585.61,5495.54,92559.69,75000
2026-01-13,13,72,north,Spain,developed,Team D,Tony,463,449,312,271,237,145,129,15,146,7,85,4853.33,58978.77,219.88,4105.15,54873.62,75000
2026-01-13,13,72,north,Spain,developed,Team E,Uma,599,588,428,354,291,200,173,11,199,8,120,5548.89,69185.25,119.93,5310.06,63875.19,75000
2026-01-13,13,72,north,Spain,developed,Team E,Victor,483,477,322,279,215,158,103,14,161,7,95,5031.6,57856.34,596.2,5150.04,52706.3,75000
2026-01-14,14,73,north,Spain,developed,Team A,Mia,610,596,429,325,258,161,143,20,255,12,156,10480.44,100453.06,1034.23,6387.11,94065.95,75000
2026-01-14,14,73,north,Spain,developed,Team A,Noah,453,445,270,208,176,93,64,10,136,7,84,3330.01,53512.28,76.92,3982.51,49529.77,75000
2026-01-14,14,73,north,Spain,developed,Team B,Olivia,506,499,316,276,241,168,111,18,223,12,139,7612.15,87725.85,484.08,4741.64,82984.21,75000
2026-01-14,14,73,north,Spain,developed,Team B,Paul,600,587,354,282,225,130,93,22,222,12,141,4386.6,79172.65,417.68,6009.63,73163.02,75000
2026-01-14,14,73,north,Spain,developed,Team C,Queen,469,453,294,255,189,128,92,13,144,7,81,2621.86,46474.89,254.07,3283.04,43191.85,75000
2026-01-14,14,73,north,Spain,developed,Team C,Ryan,597,584,405,351,253,129,92,12,211,8,131,3387.52,75792.02,160.75,3782.77,72009.25,75000
2026-01-14,14,73,north,Spain,developed,Team D,Sarah,618,605,400,298,246,163,109,15,245,8,160,3395.85,101451.08,382.47,5878.01,95573.07,75000
2026-01-14,14,73,north,Spain,developed,Team D,Tony,463,448,330,268,218,139,114,10,156,5,90,3165.46,62144.23,253.58,4358.73,57785.5,75000
2026-01-14,14,73,north,Spain,developed,Team E,Uma,599,588,411,360,267,161,107,15,214,9,129,6981.81,76167.06,586.33,5896.39,70270.67,75000
2026-01-14,14,73,north,Spain,developed,Team E,Victor,483,476,287,229,195,115,90,10,171,5,100,4113.12,61969.46,393.89,5543.93,56425.53,75000
2026-01-15,15,74,north,Spain,developed,Team A,Mia,610,596,374,286,207,106,80,13,268,7,163,4752.16,105205.22,448.32,6835.43,98369.79,75000
2026-01-15,15,74,north,Spain,developed,Team A,Noah,453,444,327,263,223,129,99,12,148,8,92,6343.63,59855.91,173.49,4156.0,55699.91,75000
2026-01-15,15,74,north,Spain,developed,Team B,Olivia,506,499,314,233,187,131,97,18,241,10,149,6082.23,93808.08,576.16,5317.8,88490.28,75000
2026-01-15,15,74,north,Spain,developed,Team B,Paul,600,586,401,291,216,143,114,19,241,14,155,5790.51,84963.16,593.2,6602.83,78360.33,75000
2026-01-15,15,74,north,Spain,developed,Team C,Queen,469,452,273,231,197,105,92,15,159,10,91,8862.9,55337.79,585.1,3868.14,51469.65,75000
2026-01-15,15,74,north,Spain,developed,Team C,Ryan,597,584,354,294,219,140,117,10,221,5,136,2033.61,77825.63,235.71,4018.48,73807.15,75000
2026-01-15,15,74,north,Spain,developed,Team D,Sarah,618,605,433,339,270,140,119,15,260,10,170,8985.39,110436.47,981.91,6859.92,103576.55,75000
2026-01-15,15,74,north,Spain,developed,Team D,Tony,463,448,299,230,171,100,70,14,170,10,100,7330.89,69475.12,254.34,4613.07,64862.05,75000
2026-01-15,15,74,north,Spain,developed,Team E,Uma,599,587,375,320,269,136,113,11,225,7,136,4159.85,80326.91,373.5,6269.89,74057.02,75000
2026-01-15,15,74,north,Spain,developed,Team E,Victor,483,476,288,212,158,89,60,9,180,4,104,3589.82,65559.28,180.82,5724.75,59834.53,75000
2026-01-16,16,75,north,Spain,developed,Team A,Mia,610,596,387,319,247,185,115,18,286,13,176,8298.82,113504.04,561.87,7397.3,106106.74,75000
2026-01-16,16,75,north,Spain,developed,Team A,Noah,453,444,325,243,178,94,78,11,159,5,97,4107.41,63963.32,280.75,4436.75,59526.57,75000
2026-01-16,16,75,north,Spain,developed,Team B,Olivia,506,497,314,262,228,119,77,17,258,8,157,3244.18,97052.26,292.92,5610.72,91441.54,75000
2026-01-16,16,75,north,Spain,developed,Team B,Paul,600,585,386,279,221,144,129,13,254,7,162,4514.31,89477.47,128.28,6731.11,82746.36,75000
2026-01-16,16,75,north,Spain,developed,Team C,Queen,469,451,289,218,188,139,111,7,166,3,94,2149.29,57487.08,178.55,4046.69,53440.39,75000
2026-01-16,16,75,north,Spain,developed,Team C,Ryan,597,582,383,270,197,124,74,12,233,8,144,4815.67,82641.3,342.15,4360.63,78280.67,75000
2026-01-16,16,75,north,Spain,developed,Team D,Sarah,618,605,401,351,289,178,148,22,282,16,186,6514.84,116951.31,554.5,7414.42,109536.89,75000
2026-01-16,16,75,north,Spain,developed,Team D,Tony,463,447,298,229,202,142,109,7,177,4,104,3333.03,72808.15,103.73,4716.8,68091.35,75000
2026-01-16,16,75,north,Spain,developed,Team E,Uma,599,586,411,300,210,128,105,17,242,8,144,3835.83,84162.74,429.03,6698.92,77463.82,75000
2026-01-16,16,75,north,Spain,developed,Team E,Victor,483,474,347,296,215,132,79,11,191,7,111,6097.79,71657.07,586.32,6311.07,65346.0,75000
2026-01-17,17,76,north,Spain,developed,Team A,Mia,610,596,358,260,206,107,93,15,301,10,186,7701.37,121205.41,589.21,7986.51,113218.9,75000
2026-01-17,17,76,north,Spain,developed,Team A,Noah,453,444,304,217,159,96,65,14,173,9,106,4514.28,68477.6,118.35,4555.1,63922.5,75000
2026-01-17,17,76,north,Spain,developed,Team B,Olivia,506,496,355,274,221,139,92,11,269,5,162,3340.12,100392.38,377.28,5988.0,94404.38,75000
2026-01-17,17,76,north,Spain,developed,Team B,Paul,600,584,369,273,193,140,123,14,268,8,170,5074.81,94552.28,352.66,7083.77,87468.51,75000
2026-01-17,17,76,north,Spain,developed,Team C,Queen,469,449,322,266,231,141,110,10,176,5,99,4089.68,61576.76,268.69,4315.38,57261.38,75000
2026-01-17,17,76,north,Spain,developed,Team C,Ryan,597,581,362,315,223,138,95,12,245,9,153,4790.93,87432.23,412.73,4773.36,82658.87,75000
2026-01-17,17,76,north,Spain,developed,Team D,Sarah,618,604,371,316,257,129,108,12,294,8,194,5119.99,122071.3,592.25,8006.67,114064.63,75000
2026-01-17,17,76,north,Spain,developed,Team D,Tony,463,445,316,234,199,103,65,10,187,5,109,3784.47,76592.62,99.81,4816.61,71776.01,75000
2026-01-17,17,76,north,Spain,developed,Team E,Uma,599,586,391,322,288,159,106,11,253,5,149,3674.88,87837.62,191.42,6890.34,80947.28,75000
2026-01-17,17,76,north,Spain,developed,Team E,Victor,483,473,306,272,222,157,140,11,202,7,118,4573.28,76230.35,136.73,6447.8,69782.55,75000
2026-01-18,18,77,north,Spain,developed,Team A,Mia,610,595,359,264,186,93,66,20,321,12,198,6143.89,127349.3,342.31,8328.82,119020.48,75000
2026-01-18,18,77,north,Spain,developed,Team A,Noah,453,443,320,279,233,152,112,8,181,5,111,4018.63,72496.23,99.31,4654.41,67841.82,75000
2026-01-18,18,77,north,Spain,developed,Team B,Olivia,506,496,340,275,203,126,80,12,281,9,171,5594.61,105986.99,269.54,6257.54,99729.45,75000
2026-01-18,18,77,north,Spain,developed,Team B,Paul,600,582,417,361,284,177,158,12,280,6,176,4736.23,99288.51,254.9,7338.67,91949.84,75000
2026-01-18,18,77,north,Spain,developed,Team C,Queen,469,449,306,274,233,129,93,14,190,11,110,8229.91,69806.67,212.57,4527.95,65278.72,75000
2026-01-18,18,77,north,Spain,developed,Team C,Ryan,597,581,420,330,245,135,96,12,257,7,160,5039.47,92471.7,132.63,4905.99,87565.71,75000
2026-01-18,18,77,north,Spain,developed,Team D,Sarah,618,602,375,268,237,118,75,14,308,7,201,3602.68,125673.98,171.26,8177.93,117496.05,75000
2026-01-18,18,77,north,Spain,developed,Team D,Tony,463,444,267,228,163,91,70,7,194,3,112,1435.88,78028.5,42.72,4859.33,73169.17,75000
2026-01-18,18,77,north,Spain,developed,Team E,Uma,599,586,364,277,229,133,102,19,272,9,158,4781.17,92618.79,311.25,7201.59,85417.2,75000
2026-01-18,18,77,north,Spain,developed,Team E,Victor,483,471,299,217,194,142,105,8,210,4,122,3480.48,79710.83,96.74,6544.54,73166.29,75000
2026-01-19,19,78,north,Spain,developed,Team A,Mia,610,595,387,279,242,152,123,21,342,12,210,5592.69,132941.99,348.83,8677.65,124264.34,75000
2026-01-19,19,78,north,Spain,developed,Team A,Noah,453,441,312,249,174,95,58,10,191,6,117,4233.1,76729.33,272.62,4927.03,71802.3,75000
2026-01-19,19,78,north,Spain,developed,Team B,Olivia,506,495,361,302,253,147,101,20,301,11,182,5158.61,111145.6,477.76,6735.3,104410.3,75000
2026-01-19,19,78,north,Spain,developed,Team B,Paul,600,581,351,299,237,146,120,21,301,12,188,10701.95,109990.46,1222.85,8561.52,101428.94,75000
2026-01-19,19,78,north,Spain,developed,Team C,Queen,469,449,271,218,183,120,88,13,203,6,116,4134.33,73941.0,201.78,4729.73,69211.27,75000
2026-01-19,19,78,north,Spain,developed,Team C,Ryan,597,580,349,296,257,182,120,15,272,9,169,5331.88,97803.58,201.29,5107.28,92696.3,75000
2026-01-19,19,78,north,Spain,developed,Team D,Sarah,618,601,396,332,236,129,84,14,322,9,210,4108.62,129782.6,254.61,8432.54,121350.06,75000
2026-01-19,19,78,north,Spain,developed,Team D,Tony,463,442,305,254,210,121,78,15,209,10,122,6209.87,84238.37,612.98,5472.31,78766.06,75000
2026-01-19,19,78,north,Spain,developed,Team E,Uma,599,585,378,268,240,159,136,14,286,10,168,4072.46,96691.25,341.69,7543.28,89147.97,75000
2026-01-19,19,78,north,Spain,developed,Team E,Victor,483,471,353,264,228,134,111,8,218,4,126,1624.92,81335.75,102.89,6647.43,74688.32,75000
2026-01-20,20,79,north,Spain,developed,Team A,Mia,610,593,419,319,287,161,125,19,361,14,224,5080.21,138022.2,112.75,8790.4,129231.8,75000
2026-01-20,20,79,north,Spain,developed,Team A,Noah,453,440,270,213,189,131,83,13,204,10,127,5472.21,82201.54,270.37,5197.4,77004.14,75000
2026-01-20,20,79,north,Spain,developed,Team B,Olivia,506,494,335,284,205,146,93,11,312,7,189,3892.2,115037.8,418.87,7154.17,107883.63,75000
2026-01-20,20,79,north,Spain,developed,Team B,Paul,600,580,384,302,219,136,108,22,323,15,203,11597.15,121587.61,1298.04,9859.56,111728.05,75000
2026-01-20,20,79,north,Spain,developed,Team C,Queen,469,448,312,262,191,96,58,9,212,6,122,4183.93,78124.93,176.33,4906.06,73218.87,75000
2026-01-20,20,79,north,Spain,developed,Team C,Ryan,597,578,423,312,261,181,124,10,282,7,176,2636.88,100440.46,232.67,5339.95,95100.51,75000
2026-01-20,20,79,north,Spain,developed,Team D,Sarah,618,600,385,341,303,158,128,22,344,13,223,9534.89,139317.49,791.77,9224.31,130093.18,75000
2026-01-20,20,79,north,Spain,developed,Team D,Tony,463,440,298,230,180,119,78,14,223,7,129,2637.77,86876.14,251.53,5723.84,81152.3,75000
2026-01-20,20,79,north,Spain,developed,Team E,Uma,599,585,382,293,259,162,124,10,296,5,173,1937.0,98628.25,144.34,7687.62,90940.63,75000
2026-01-20,20,79,north,Spain,developed,Team E,Victor,483,471,289,248,174,122,93,7,225,3,129,2034.86,83370.61,197.98,6845.41,76525.2,75000
2026-01-21,21,80,north,Spain,developed,Team A,Mia,610,592,366,285,210,134,85,21,382,15,239,10586.67,148608.87,980.82,9771.22,138837.65,75000
2026-01-21,21,80,north,Spain,developed,Team A,Noah,453,440,268,192,136,95,79,13,217,10,137,8139.8,90341.34,277.05,5474.45,84866.89,75000
2026-01-21,21,80,north,Spain,developed,Team B,Olivia,506,494,335,255,224,132,107,18,330,12,201,6870.36,121908.16,799.02,7953.19,113954.97,75000
2026-01-21,21,80,north,Spain,developed,Team B,Paul,600,580,412,355,312,158,115,17,340,13,216,6234.61,127822.22,292.86,10152.42,117669.8,75000
2026-01-21,21,80,north,Spain,developed,Team C,Queen,469,448,282,204,165,105,83,11,223,6,128,4950.32,83075.25,316.95,5223.01,77852.24,75000
2026-01-21,21,80,north,Spain,developed,Team C,Ryan,597,577,394,288,242,162,138,12,294,8,184,4243.76,104684.22,365.28,5705.23,98978.99,75000
2026-01-21,21,80,north,Spain,developed,Team D,Sarah,618,599,415,303,228,137,106,12,356,9,232,7119.19,146436.68,395.82,9620.13,136816.55,75000
2026-01-21,21,80,north,Spain,developed,Team D,Tony,463,439,274,223,170,92,77,7,230,4,133,2236.28,89112.42,44.83,5768.67,83343.75,75000
2026-01-21,21,80,north,Spain,developed,Team E,Uma,599,583,387,292,240,152,134,11,307,6,179,3806.74,102434.99,413.11,8100.73,94334.26,75000
2026-01-21,21,80,north,Spain,developed,Team E,Victor,483,470,312,236,174,106,74,14,239,7,136,3147.53,86518.14,323.11,7168.52,79349.62,75000
2026-01-22,22,81,north,Spain,developed,Team A,Mia,610,590,398,343,273,155,93,15,397,7,246,5310.46,153919.33,373.98,10145.2,143774.13,75000
2026-01-22,22,81,north,Spain,developed,Team A,Noah,453,440,321,288,202,127,111,9,226,7,144,5306.52,95647.86,268.26,5742.71,89905.15,75000
2026-01-22,22,81,north,Spain,developed,Team B,Olivia,506,494,305,238,166,113,83,12,342,6,207,4274.36,126182.52,90.22,8043.41,118139.11,75000
2026-01-22,22,81,north,Spain,developed,Team B,Paul,600,580,407,343,251,156,96,13,353,9,225,4758.77,132580.99,535.47,10687.89,121893.1,75000
2026-01-22,22,81,north,Spain,developed,Team C,Queen,469,448,304,223,159,117,72,8,231,4,132,2986.61,86061.86,317.42,5540.43,80521.43,75000
2026-01-22,22,81,north,Spain,developed,Team C,Ryan,597,576,345,300,242,175,138,15,309,11,195,6448.76,111132.98,417.29,6122.52,105010.46,75000
2026-01-22,22,81,north,Spain,developed,Team D,Sarah,618,597,389,282,246,156,118,21,377,12,244,8686.99,155123.67,601.47,10221.6,144902.07,75000
2026-01-22,22,81,north,Spain,developed,Team D,Tony,463,437,305,235,172,100,71,8,238,5,138,3807.48,92919.9,221.23,5989.9,86930.0,75000
2026-01-22,22,81,north,Spain,developed,Team E,Uma,599,581,431,315,220,147,92,19,326,13,192,8317.15,110752.14,673.82,8774.55,101977.59,75000
2026-01-22,22,81,north,Spain,developed,Team E,Victor,483,468,299,248,179,122,97,14,253,11,147,6237.26,92755.4,507.9,7676.42,85078.98,75000
2026-01-23,23,82,north,Spain,developed,Team A,Mia,610,590,432,377,317,226,160,15,412,7,253,6100.21,160019.54,204.15,10349.35,149670.19,75000
2026-01-23,23,82,north,Spain,developed,Team A,Noah,453,440,285,203,147,77,58,9,235,5,149,2913.81,98561.67,294.63,6037.34,92524.33,75000
2026-01-23,23,82,north,Spain,developed,Team B,Olivia,506,493,325,227,161,112,100,12,354,9,216,6148.23,132330.75,233.5,8276.91,124053.84,75000
2026-01-23,23,82,north,Spain,developed,Team B,Paul,600,580,423,341,246,179,160,13,366,10,235,5347.38,137928.37,610.32,11298.21,126630.16,75000
2026-01-23,23,82,north,Spain,developed,Team C,Queen,469,447,335,277,201,106,87,7,238,3,135,2122.61,88184.47,156.55,5696.98,82487.49,75000
2026-01-23,23,82,north,Spain,developed,Team C,Ryan,597,575,360,297,243,161,104,15,324,11,206,8005.02,119138.0,387.83,6510.35,112627.65,75000
2026-01-23,23,82,north,Spain,developed,Team D,Sarah,618,597,446,343,246,138,93,14,391,10,254,4991.01,160114.68,191.86,10413.46,149701.22,75000
2026-01-23,23,82,north,Spain,developed,Team D,Tony,463,437,275,198,168,120,77,15,253,10,148,4531.14,97451.04,433.27,6423.17,91027.87,75000
2026-01-23,23,82,north,Spain,developed,Team E,Uma,599,581,397,277,245,135,114,14,340,9,201,7953.5,118705.64,896.37,9670.92,109034.72,75000
2026-01-23,23,82,north,Spain,developed,Team E,Victor,483,467,325,257,205,144,126,14,267,8,155,4237.6,96993.0,126.61,7803.03,89189.97,75000
2026-01-24,24,83,north,Spain,developed,Team A,Mia,610,588,426,325,260,178,146,21,433,16,269,13122.49,173142.03,957.37,11306.72,161835.31,75000
2026-01-24,24,83,north,Spain,developed,Team A,Noah,453,440,291,218,172,123,84,13,248,7,156,3105.8,101667.47,263.15,6300.49,95366.98,75000
2026-01-24,24,83,north,Spain,developed,Team B,Olivia,506,492,320,245,204,133,96,12,366,7,223,3228.3,135559.05,339.04,8615.95,126943.1,75000
2026-01-24,24,83,north,Spain,developed,Team B,Paul,600,580,391,318,231,170,129,22,388,13,248,9939.25,147867.62,817.73,12115.94,135751.68,75000
2026-01-24,24,83,north,Spain,developed,Team C,Queen,469,447,284,241,207,131,99,13,251,6,141,2179.2,90363.67,68.14,5765.12,84598.55,75000
2026-01-24,24,83,north,Spain,developed,Team C,Ryan,597,575,352,256,208,142,103,11,335,6,212,5267.04,124405.04,515.88,7026.23,117378.81,75000
2026-01-24,24,83,north,Spain,developed,Team D,Sarah,618,596,382,338,301,187,120,22,413,14,268,5850.13,165964.81,684.22,11097.68,154867.13,75000
2026-01-24,24,83,north,Spain,developed,Team D,Tony,463,436,323,282,227,113,72,12,265,9,157,3789.33,101240.37,272.09,6695.26,94545.11,75000
2026-01-24,24,83,north,Spain,developed,Team E,Uma,599,579,354,304,262,157,129,15,355,7,208,2917.15,121622.79,334.19,10005.11,111617.68,75000
2026-01-24,24,83,north,Spain,developed,Team E,Victor,483,467,283,204,149,81,56,9,276,6,161,2617.64,99610.64,102.48,7905.51,91705.13,75000
2026-01-25,25,84,north,Spain,developed,Team A,Mia,610,587,405,321,277,171,136,14,447,8,277,3744.95,176886.98,87.64,11394.36,165492.62,75000
2026-01-25,25,84,north,Spain,developed,Team A,Noah,453,439,280,227,202,114,101,13,261,7,163,3284.36,104951.83,94.91,6395.4,98556.43,75000
2026-01-25,25,84,north,Spain,developed,Team B,Olivia,506,491,326,292,237,159,101,16,382,10,233,5027.9,140586.95,315.12,8931.07,131655.88,75000
2026-01-25,25,84,north,Spain,developed,Team B,Paul,600,580,390,292,229,157,125,12,400,6,254,3369.31,151236.93,160.89,12276.83,138960.1,75000
2026-01-25,25,84,north,Spain,developed,Team C,Queen,469,447,270,235,188,123,82,11,262,6,147,4016.14,94379.81,392.42,6157.54,88222.27,75000
2026-01-25,25,84,north,Spain,developed,Team C,Ryan,597,574,399,348,255,186,117,16,351,11,223,9686.94,134091.98,334.48,7360.71,126731.27,75000
2026-01-25,25,84,north,Spain,developed,Team D,Sarah,618,594,404,287,217,119,79,14,427,8,276,5242.14,171206.95,374.1,11471.78,159735.17,75000
2026-01-25,25,84,north,Spain,developed,Team D,Tony,463,435,265,236,170,114,97,13,278,9,166,7274.2,108514.57,270.31,6965.57,101549.0,75000
2026-01-25,25,84,north,Spain,developed,Team E,Uma,599,579,369,304,237,120,107,17,372,9,217,7911.1,129533.89,651.63,10656.74,118877.15,75000
2026-01-25,25,84,north,Spain,developed,Team E,Victor,483,467,311,268,199,118,97,12,288,7,168,5671.74,105282.38,419.44,8324.95,96957.43,75000
2026-01-26,26,85,north,Spain,developed,Team A,Mia,610,587,418,371,270,155,123,17,464,10,287,7475.15,184362.13,163.14,11557.5,172804.63,75000
2026-01-26,26,85,north,Spain,developed,Team A,Noah,453,439,310,250,189,126,104,9,270,5,168,2528.26,107480.09,233.09,6628.49,100851.6,75000
2026-01-26,26,85,north,Spain,developed,Team B,Olivia,506,490,301,236,211,155,132,10,392,5,238,2219.33,142806.28,156.02,9087.09,133719.19,75000
2026-01-26,26,85,north,Spain,developed,Team B,Paul,600,578,423,315,272,141,121,17,417,13,267,7853.01,159089.94,878.75,13155.58,145934.36,75000
2026-01-26,26,85,north,Spain,developed,Team C,Queen,469,445,311,247,197,135,121,7,269,4,151,3397.91,97777.72,301.79,6459.33,91318.39,75000
2026-01-26,26,85,north,Spain,developed,Team C,Ryan,597,573,364,261,208,142,99,11,362,5,228,4206.12,138298.1,140.64,7501.35,130796.75,75000
2026-01-26,26,85,north,Spain,developed,Team D,Sarah,618,593,380,297,237,144,94,18,445,14,290,10643.4,181850.35,265.81,11737.59,170112.76,75000
2026-01-26,26,85,north,Spain,developed,Team D,Tony,463,435,264,193,135,80,70,7,285,3,169,1560.16,110074.73,61.82,7027.39,103047.34,75000
2026-01-26,26,85,north,Spain,developed,Team E,Uma,599,579,348,262,199,130,80,16,388,11,228,4503.29,134037.18,316.33,10973.07,123064.11,75000
2026-01-26,26,85,north,Spain,developed,Team E,Victor,483,467,349,288,241,151,125,10,298,7,175,5178.6,110460.98,455.96,8780.91,101680.07,75000
2026-01-27,27,86,north,Spain,developed,Team A,Mia,610,586,421,334,291,181,150,12,476,6,293,2591.62,186953.75,117.8,11675.3,175278.45,75000
2026-01-27,27,86,north,Spain,developed,Team A,Noah,453,438,288,230,197,101,84,8,278,6,174,3176.0,110656.09,92.75,6721.24,103934.85,75000
2026-01-27,27,86,north,Spain,developed,Team B,Olivia,506,489,330,297,228,122,101,13,405,6,244,5353.65,148159.93,329.67,9416.76,138743.17,75000
2026-01-27,27,86,north,Spain,developed,Team B,Paul,600,576,353,255,220,154,134,18,435,10,277,7738.44,166828.38,209.68,13365.26,153463.12,75000
2026-01-27,27,86,north,Spain,developed,Team C,Queen,469,445,315,260,219,142,109,9,278,6,157,3342.33,101120.05,328.09,6787.42,94332.63,75000
2026-01-27,27,86,north,Spain,developed,Team C,Ryan,597,573,409,305,268,166,133,17,379,9,237,4151.3,142449.4,326.27,7827.62,134621.78,75000
2026-01-27,27,86,north,Spain,developed,Team D,Sarah,618,592,392,308,271,156,96,22,467,11,301,9047.2,190897.55,542.54,12280.13,178617.42,75000
2026-01-27,27,86,north,Spain,developed,Team D,Tony,463,434,273,220,188,95,68,15,300,11,180,6594.46,116669.19,686.03,7713.42,108955.77,75000
2026-01-27,27,86,north,Spain,developed,Team E,Uma,599,577,396,307,252,152,120,20,408,10,238,7379.49,141416.67,262.7,11235.77,130180.9,75000
2026-01-27,27,86,north,Spain,developed,Team E,Victor,483,466,347,291,233,132,98,11,309,6,181,3430.37,113891.35,278.01,9058.92,104832.43,75000
2026-01-28,28,87,north,Spain,developed,Team A,Mia,610,586,399,330,238,134,81,18,494,9,302,5080.32,192034.07,551.15,12226.45,179807.62,75000
2026-01-28,28,87,north,Spain,developed,Team A,Noah,453,438,309,225,171,91,68,11,289,7,181,3398.44,114054.53,367.3,7088.54,106965.99,75000
2026-01-28,28,87,north,Spain,developed,Team B,Olivia,506,489,307,274,217,138,90,11,416,7,251,4804.72,152964.65,137.43,9554.19,143410.46,75000
2026-01-28,28,87,north,Spain,developed,Team B,Paul,600,576,387,340,266,150,130,13,448,9,286,8096.1,174924.48,379.01,13744.27,161180.21,75000
2026-01-28,28,87,north,Spain,developed,Team C,Queen,469,443,308,216,192,120,76,12,290,8,165,6786.72,107906.77,664.74,7452.16,100454.61,75000
2026-01-28,28,87,north,Spain,developed,Team C,Ryan,597,571,342,262,231,141,86,11,390,8,245,3691.29,146140.69,239.9,8067.52,138073.17,75000
2026-01-28,28,87,north,Spain,developed,Team D,Sarah,618,590,362,304,240,163,97,22,489,11,312,6009.89,196907.44,512.26,12792.39,184115.05,75000
2026-01-28,28,87,north,Spain,developed,Team D,Tony,463,432,302,231,165,94,74,9,309,6,186,3273.26,119942.45,167.59,7881.01,112061.44,75000
2026-01-28,28,87,north,Spain,developed,Team E,Uma,599,577,405,316,225,165,120,18,426,11,249,9497.54,150914.21,222.33,11458.1,139456.11,75000
2026-01-28,28,87,north,Spain,developed,Team E,Victor,483,466,296,221,172,89,56,7,316,5,186,4440.94,118332.29,197.71,9256.63,109075.66,75000
2026-01-29,29,88,north,Spain,developed,Team A,Mia,610,584,420,369,298,183,122,18,512,9,311,7367.38,199401.45,559.68,12786.13,186615.32,75000
2026-01-29,29,88,north,Spain,developed,Team A,Noah,453,438,296,226,189,127,112,7,296,5,186,2007.11,116061.64,104.81,7193.35,108868.29,75000
2026-01-29,29,88,north,Spain,developed,Team B,Olivia,506,488,326,272,223,138,119,13,429,8,259,4984.69,157949.34,243.0,9797.19,148152.15,75000
2026-01-29,29,88,north,Spain,developed,Team B,Paul,600,576,395,329,282,161,125,14,462,8,294,4611.68,179536.16,532.65,14276.92,165259.24,75000
2026-01-29,29,88,north,Spain,developed,Team C,Queen,469,441,308,266,219,130,107,13,303,9,174,3412.11,111318.88,218.75,7670.91,103647.97,75000
2026-01-29,29,88,north,Spain,developed,Team C,Ryan,597,570,423,308,267,183,164,13,403,6,251,3739.66,149880.35,342.57,8410.09,141470.26,75000
2026-01-29,29,88,north,Spain,developed,Team D,Sarah,618,590,422,308,273,188,131,22,511,12,324,5761.9,202669.34,157.45,12949.84,189719.5,75000
2026-01-29,29,88,north,Spain,developed,Team D,Tony,463,432,280,248,219,163,110,8,317,4,190,2510.28,122452.73,284.09,8165.1,114287.63,75000
2026-01-29,29,88,north,Spain,developed,Team E,Uma,599,576,422,379,323,161,110,18,444,11,260,9388.78,160302.99,710.26,12168.36,148134.63,75000
2026-01-29,29,88,north,Spain,developed,Team E,Victor,483,464,307,272,194,117,84,14,330,9,195,7703.56,126035.85,651.37,9908.0,116127.85,75000
2026-01-30,30,89,north,Spain,developed,Team A,Mia,610,584,407,320,265,185,131,12,524,6,317,3440.83,202842.28,286.27,13072.4,189769.88,75000
2026-01-30,30,89,north,Spain,developed,Team A,Noah,453,438,322,289,209,113,77,15,311,10,196,8926.26,124987.9,695.28,7888.63,117099.27,75000
2026-01-30,30,89,north,Spain,developed,Team B,Olivia,506,487,347,300,226,122,99,17,446,9,268,5537.01,163486.35,561.96,10359.15,153127.2,75000
2026-01-30,30,89,north,Spain,developed,Team B,Paul,600,576,361,292,207,137,108,22,484,16,310,14115.9,193652.06,1511.66,15788.58,177863.48,75000
2026-01-30,30,89,north,Spain,developed,Team C,Queen,469,440,280,197,142,76,65,12,315,7,181,3245.21,114564.09,203.13,7874.04,106690.05,75000
2026-01-30,30,89,north,Spain,developed,Team C,Ryan,597,569,342,246,217,119,100,20,423,14,265,11027.11,160907.46,1051.02,9461.11,151446.35,75000
2026-01-30,30,89,north,Spain,developed,Team D,Sarah,618,589,397,338,287,207,160,19,530,10,334,6659.95,209329.29,278.56,13228.4,196100.89,75000
2026-01-30,30,89,north,Spain,developed,Team D,Tony,463,431,321,249,204,131,97,12,329,7,197,4717.32,127170.05,545.19,8710.29,118459.76,75000
2026-01-30,30,89,north,Spain,developed,Team E,Uma,599,574,386,276,209,125,93,16,460,9,269,7519.65,167822.64,213.38,12381.74,155440.9,75000
2026-01-30,30,89,north,Spain,developed,Team E,Victor,483,463,332,248,200,145,110,7,337,3,198,2675.77,128711.62,295.99,10203.99,118507.63,75000
